,AC-mean,AC-10_moving_average,AC-se,AC-upper,AC-lower,HRS-mean,HRS-10_moving_average,HRS-se,HRS-upper,HRS-lower,RRS-mean,RRS-10_moving_average,RRS-se,RRS-upper,RRS-lower,NRSmean,NRS-10_moving,NRS-se,NRS-upper,NRS-lower,,,,,,,,,
0,4261.4,5274.955,296.5656305,5571.5206305,4978.3893695,3334.92,4694.088,258.5160802,4952.6040802,4435.5719198,3482.71,5779.048,298.2408803,6077.2888803,5480.8071197,6226.91176470588,6436.36568627451,397.175050794064,6833.54073706857,6039.19063548045,,,,,,,,,
1,4549.62,5380.878,341.3413569,5722.2193569,5039.5366431,5235.98,4794.468,369.2669806,5163.7349806,4425.2010194,6346.72,5996.273,370.9307971,6367.2037971,5625.3422029,6904.67647058823,6379.2362745098,372.393060018439,6751.62933452824,6006.84321449136,,,,,,,,,
2,5054.15,5432.373,375.3512329,5807.7242329,5057.0217671,5801.3,4719.515,387.5739084,5107.0889084,4331.9410916,6828.96,5891.971,398.3701412,6290.3411412,5493.6008588,7425.74509803921,6227.04607843137,346.205576457092,6573.25165488846,5880.84050197428,,,,,,,,,
3,5163.44,5453.682,370.072921,5823.754921,5083.609079,5502.06,4551.868,398.9571357,4950.8251357,4152.9108643,6421.69,5771.298,399.2922613,6170.5902613,5372.0057387,6840.70588235294,6035.6862745098,374.459562277288,6410.14583678709,5661.22671223251,,,,,,,,,
4,5925.36,5461.845,380.8112353,5842.6562353,5081.0337647,5366.07,4419.834,391.8605753,4811.6945753,4027.9734247,6359.97,5664.921,407.0416262,6071.9626262,5257.8793738,5892.0294117647,5900.17156862745,413.625689676427,6313.79725830388,5486.54587895102,,,,,,,,,
5,5268.14,5384.103,390.0306098,5774.1336098,4994.0723902,5178.83,4209.711,392.6364336,4602.3474336,3817.0745664,6147.72,5513.978,413.4008808,5927.3788808,5100.5771192,6970.28431372549,5800.59607843137,375.065039951806,6175.66111838318,5425.53103847956,,,,,,,,,
6,5875.95,5368.831,397.7021225,5766.5331225,4971.1288775,4437.13,4029.994,391.2379638,4421.2319638,3638.7560362,5931.35,5412.28,401.4494153,5813.7294153,5010.8305847,6393.17647058823,5620.77843137255,397.762525393498,6018.54095676605,5223.01590597905,,,,,,,,,
7,5673.04,5295.065,405.1273545,5700.1923545,4889.9376455,3614.86,3887.465,383.4082688,4270.8732688,3504.0567312,5276.29,5358.029,405.4829104,5763.5119104,4952.5460896,6012.26470588235,5469.21960784313,395.729166753172,5864.9487745963,5073.49044108996,,,,,,,,,
8,5591.94,5199.863,401.6733493,5601.5363493,4798.1896507,4272.38,3864.6,395.1383296,4259.7383296,3469.4616704,5783.39,5334.534,413.4379593,5747.9719593,4921.0960407,5564.8725490196,5365.74117647059,422.827544043023,5788.56872051361,4942.91363242757,,,,,,,,,
9,5386.51,5151.055,395.6557732,5546.7107732,4755.3992268,4197.35,3770.304,397.9073112,4168.2113112,3372.3966888,5211.68,5269.463,418.4809443,5687.9439443,4850.9820557,6132.99019607843,5310.35,402.85241484435,5713.20241484435,4907.49758515565,,,,,,,,,
10,5320.63,5094.047,410.4041159,5504.4511159,4683.6428841,4338.72,3736.913,414.7617415,4151.6747415,3322.1512585,5654.96,5247.785,408.1148681,5655.8998681,4839.6701319,5655.61764705882,5199.5568627451,403.658050830183,5603.21491357528,4795.89881191492,,,,,,,,,
11,5064.57,5087.491,410.4797672,5497.9707672,4677.0112328,4486.45,3647.622,409.8577217,4057.4797217,3237.7642783,5303.7,5160.716,415.2992763,5576.0152763,4745.4167237,5382.77450980392,5096.84607843137,405.525937313128,5502.3720157445,4691.32014111824,,,,,,,,,
12,5267.24,5096.95,387.0464487,5483.9964487,4709.9035513,4124.83,3525.714,392.2384354,3917.9524354,3133.4755646,5622.23,5153.51,431.5762458,5585.0862458,4721.9337542,5512.14705882353,5025.84901960784,418.89736933475,5444.74638894259,4606.95165027309,,,,,,,,,
13,5245.07,5100.425,413.5410449,5513.9660449,4686.8839551,4181.72,3460.72,401.4655781,3862.1855781,3059.2544219,5357.92,5134.271,420.2305664,5554.5015664,4714.0404336,5485.55882352941,4972.22352941176,425.193952526599,5397.41748193836,4547.02957688516,,,,,,,,,
14,5147.94,5061.721,409.5655188,5471.2865188,4652.1554812,3264.84,3402.104,353.2249096,3755.3289096,3048.8790904,4850.54,5126.968,410.449273,5537.417273,4716.518727,4896.27450980392,4963.35588235294,395.394446582748,5358.75032893569,4567.96143577019,,,,,,,,,
15,5115.42,5075.547,408.1553827,5483.7023827,4667.3916173,3381.66,3432.814,377.1150419,3809.9290419,3055.6989581,5130.74,5179.67,423.4776253,5603.1476253,4756.1923747,5172.10784313725,5019.12647058823,417.363754346617,5436.49022493485,4601.76271624161,,,,,,,,,
16,5138.29,5080.414,403.8405307,5484.2545307,4676.5734693,3011.84,3421.338,362.7553436,3784.0933436,3058.5826564,5388.84,5221.489,414.7705828,5636.2595828,4806.7184172,4877.58823529411,5045.07058823529,413.802994634524,5458.87358286981,4631.26759360077,,,,,,,,,
17,4721.02,5078.582,422.5812611,5501.1632611,4656.0007389,3386.21,3432.52,379.3653596,3811.8853596,3053.1546404,5041.34,5215.341,415.02904,5630.37004,4800.31196,4977.48039215686,5080.94607843137,414.094253630882,5495.04033206225,4666.85182480049,,,,,,,,,
18,5103.86,5073.792,396.1345234,5469.9265234,4677.6574766,3329.42,3468.143,373.4950008,3841.6380008,3094.6479992,5132.68,5216.871,428.2359543,5645.1069543,4788.6350457,5010.96078431372,5057.35588235294,407.556305840231,5464.91218819317,4649.79957651271,,,,,,,,,
19,4816.43,5030.21,413.2971041,5443.5071041,4616.9128959,3863.44,3482.427,391.6096524,3874.0366524,3090.8173476,4994.9,5188.489,431.5427943,5620.0317943,4756.9462057,5025.05882352941,5102.8862745098,416.25852670902,5519.14480121882,4686.62774780078,,,,,,,,,
20,5255.07,5093.082,417.3252727,5510.4072727,4675.7567273,3445.81,3444.411,374.4031925,3818.8141925,3070.0078075,4784.27,5193.372,409.7625373,5603.1345373,4783.6094627,4628.50980392156,5117.69019607843,409.865640052957,5527.55583613139,4707.82455602547,,,,,,,,,
21,5159.16,5037.223,412.0582885,5449.2812885,4625.1647115,3267.37,3439.838,387.294163,3827.132163,3052.543837,5231.64,5231.646,412.471651,5644.117651,4819.174349,4672.80392156862,5114.25392156862,424.524344504678,5538.7782660733,4689.72957706394,,,,,,,,,
22,5301.99,5016.778,422.135823,5438.913823,4594.642177,3474.89,3454.165,381.6355911,3835.8005911,3072.5294089,5429.84,5154.889,422.6623796,5577.5513796,4732.2266204,4975.89215686274,5152.32647058823,409.1360036636,5561.46247425183,4743.19046692463,,,,,,,,,
23,4858.03,4970.852,410.3480987,5381.2000987,4560.5039013,3595.56,3427.065,397.8844441,3824.9494441,3029.1805559,5284.89,5034.082,412.4345781,5446.5165781,4621.6474219,5396.88235294117,5165.5362745098,414.929711833265,5580.46598634307,4750.60656267654,,,,,,,,,
24,5286.2,4952.075,412.5572275,5364.6322275,4539.5177725,3571.94,3349.143,381.2364492,3730.3794492,2967.9065508,5377.56,4932.997,432.8310787,5365.8280787,4500.1659213,5453.98039215686,5119.40588235294,403.666961679591,5523.07284403253,4715.73892067335,,,,,,,,,
25,5164.09,4920.393,419.5891801,5339.9821801,4500.8038199,3266.9,3305.511,373.2672695,3678.7782695,2932.2437305,5548.93,4844.273,407.7622148,5252.0352148,4436.5107852,5431.54901960784,5066.77352941176,422.292223189272,5489.06575260103,4644.48130622249,,,,,,,,,
26,5119.97,4889.874,426.2521992,5316.1261992,4463.6218008,3123.66,3314.994,378.5103196,3693.5043196,2936.4836804,5327.36,4723.211,413.7261661,5136.9371661,4309.4848339,5236.3431372549,5041.34117647058,430.736987568573,5472.07816403915,4610.60418890201,,,,,,,,,
27,4673.12,4842.08,408.024393,5250.104393,4434.055607,3742.44,3313.099,401.5985075,3714.6975075,2911.5004925,5056.64,4594.28,430.1875457,5024.4675457,4164.0924543,4741.57843137254,4992.00098039215,412.280659342296,5404.28163973445,4579.72032104985,,,,,,,,,
28,4668.04,4827.787,416.019364,5243.806364,4411.767636,3472.26,3263.355,388.3036638,3651.6586638,2875.0513362,4848.86,4573.981,424.4400457,4998.4210457,4149.5409543,5466.26470588235,4990.65392156862,412.482973196404,5403.13689476502,4578.17094837222,,,,,,,,,
29,5445.15,4864.571,428.1315703,5292.7025703,4436.4394297,3483.28,3203.595,385.6882617,3589.2832617,2817.9067383,5043.73,4501.782,424.702347,4926.484347,4077.079653,5173.09803921568,4926.83529411764,416.133765450187,5342.96905956783,4510.70152866745,,,,,,,,,
30,4696.48,4813.782,422.7182484,5236.5002484,4391.0637516,3400.08,3103.649,392.6362685,3496.2852685,2711.0127315,5167.01,4404.706,419.1267325,4823.8327325,3985.5792675,4594.14705882353,4863.14803921568,405.589315074149,5268.73735428983,4457.55872414153,,,,,,,,,
31,4954.71,4814.55,419.5355521,5234.0855521,4395.0144479,3410.64,3073.468,384.1718369,3457.6398369,2689.2961631,4464.07,4298.896,416.3119696,4715.2079696,3882.5840304,5053.5294117647,4892.41764705882,404.532835996108,5296.95048305493,4487.88481106271,,,,,,,,,
32,4842.73,4774.776,403.0424158,5177.8184158,4371.7335842,3203.89,3014.754,358.2393501,3372.9933501,2656.5146499,4221.77,4301.065,400.6631353,4701.7281353,3900.4018647,5107.99019607843,4830.99803921568,403.717058091504,5234.71509730718,4427.28098112418,,,,,,,,,
33,4670.26,4755.73,427.3458388,5183.0758388,4328.3841612,2816.34,2970.145,364.8327634,3334.9777634,2605.3122366,4274.04,4292.057,410.2045509,4702.2615509,3881.8524491,4935.57843137254,4764.35686274509,402.910691188823,5167.26755393391,4361.44617155627,,,,,,,,,
34,4969.38,4736.801,417.2812413,5154.0822413,4319.5197587,3135.62,2962.356,377.65046,3340.00646,2584.70554,4490.32,4296.067,425.3790302,4721.4460302,3870.6879698,4927.65686274509,4765.34411764705,417.204075228622,5182.54819287567,4348.14004241843,,,,,,,,,
35,4858.9,4689.791,425.2232408,5115.0142408,4264.5677592,3361.73,2900.569,371.6341865,3272.2031865,2528.9348135,4338.31,4238.68,415.4381096,4654.1181096,3823.2418904,5177.22549019607,4715.93921568627,413.706406238339,5129.64562192461,4302.23280944793,,,,,,,,,
36,4642.03,4636.294,421.026272,5057.320272,4215.267728,3104.71,2862.813,367.4441991,3230.2571991,2495.3688009,4038.05,4204.807,398.1643137,4602.9713137,3806.6426863,4742.94117647058,4678.68333333333,399.816589492333,5078.49992282566,4278.866743841,,,,,,,,,
37,4530.19,4657.772,439.5813542,5097.3533542,4218.1906458,3245,2836.294,369.6957725,3205.9897725,2466.5982275,4853.65,4271.405,409.7310673,4681.1360673,3861.6739327,4728.10784313725,4651.54411764705,396.824953130375,5048.36907077743,4254.71916451668,,,,,,,,,
38,5035.88,4628.503,426.0982542,5054.6012542,4202.4047458,2874.66,2759.719,356.8623066,3116.5813066,2402.8566934,4126.87,4240.12,417.1392186,4657.2592186,3822.9807814,4828.07843137254,4604.99901960784,413.300284863601,5018.29930447144,4191.69873474424,,,,,,,,,
39,4937.26,4548.845,418.1892681,4967.0342681,4130.6557319,2483.82,2722.58,328.4434915,3051.0234915,2394.1365085,4072.97,4283.358,421.5450452,4704.9030452,3861.8129548,4536.22549019607,4541.00980392156,408.080950392932,4949.09075431449,4132.92885352863,,,,,,,,,
40,4704.16,4504.9,414.8236555,4919.7236555,4090.0763445,3098.27,2719.992,370.515794,3090.507794,2349.476206,4108.91,4340.43,406.1230934,4746.5530934,3934.3069066,4886.8431372549,4489.33235294117,413.474257598319,4902.80661053949,4075.85809534285,,,,,,,,,
41,4556.97,4515.6,419.4633549,4935.0633549,4096.1366451,2823.5,2696.021,368.5470444,3064.5680444,2327.4739556,4485.76,4408.235,411.5146924,4819.7496924,3996.7203076,4439.33333333333,4371.19019607843,392.995094421539,4764.18529049997,3978.19510165689,,,,,,,,,
42,4652.27,4445.24,427.9363286,4873.1763286,4017.3036714,2757.8,2718.328,351.8539558,3070.1819558,2366.4740442,4131.69,4394.862,423.5195813,4818.3815813,3971.3424187,4441.57843137254,4303.00392156862,394.53868190322,4697.54260347184,3908.4652396654,,,,,,,,,
43,4480.97,4417.874,419.2784026,4837.1524026,3998.5955974,2738.45,2712.548,361.1472925,3073.6952925,2351.4007075,4314.14,4434.388,414.3451848,4848.7331848,4020.0428152,4945.45098039215,4286.05294117647,407.70082491336,4693.75376608983,3878.35211626311,,,,,,,,,
44,4499.28,4399.875,435.4134327,4835.2884327,3964.4615673,2517.75,2765.071,350.7189685,3115.7899685,2414.3520315,3916.45,4420.206,407.5067353,4827.7127353,4012.6992647,4433.60784313725,4180.94705882353,396.716452527071,4577.6635113506,3784.23060629646,,,,,,,,,
45,4323.93,4384.396,430.5277922,4814.9237922,3953.8682078,2984.17,2779.337,369.2871826,3148.6241826,2410.0498174,3999.58,4487.411,413.2339674,4900.6449674,4074.1770326,4804.66666666666,4165.12450980392,400.122062626694,4565.24657243061,3765.00244717723,,,,,,,,,
46,4856.81,4341.625,414.0019888,4755.6269888,3927.6230112,2839.52,2732.072,354.7192649,3086.7912649,2377.3527351,4704.03,4515.822,423.1866658,4939.0086658,4092.6353342,4471.54901960784,4081.4,391.409027296095,4472.8090272961,3689.99097270391,,,,,,,,,
47,4237.5,4291.222,405.3653225,4696.5873225,3885.8566775,2479.25,2741.667,332.3049402,3073.9719402,2409.3620598,4540.8,4441.146,428.5137085,4869.6597085,4012.6322915,4262.65686274509,4033.42745098039,406.403560039835,4439.83101102023,3627.02389094056,,,,,,,,,
48,4239.3,4292.091,399.8477582,4691.9387582,3892.2432418,2503.27,2776.184,349.1334352,3125.3174352,2427.0505648,4559.25,4434.903,421.3852414,4856.2882414,4013.5177586,4188.1862745098,3988.90294117647,387.931209822666,4376.83415099914,3600.9717313538,,,,,,,,,
49,4497.81,4278.764,430.8931277,4709.6571277,3847.8708723,2457.94,2820.178,330.8080784,3150.9860784,2489.3699216,4643.69,4421.678,413.6363378,4835.3143378,4008.0416622,4019.45098039215,3937.37058823529,377.634548849933,4315.00513708522,3559.73603938536,,,,,,,,,
50,4811.16,4245.737,414.5289967,4660.2659967,3831.2080033,2858.56,2871.523,351.5034479,3223.0264479,2520.0195521,4786.96,4388.268,423.7570405,4812.0250405,3964.5109595,3705.42156862745,3948.01666666666,386.391257970616,4334.40792463728,3561.62540869604,,,,,,,,,
51,3853.37,4204.339,392.6625028,4597.0015028,3811.6764972,3046.57,2845.911,363.7053451,3209.6163451,2482.2056549,4352.03,4330.668,403.9685459,4734.6365459,3926.6994541,3757.47058823529,3983.13823529411,381.293634333959,4364.43186962807,3601.84460096015,,,,,,,,,
52,4378.61,4229.819,410.3297167,4640.1487167,3819.4892833,2700,2826.05,345.7230834,3171.7730834,2480.3269166,4526.95,4359.019,428.6158829,4787.6348829,3930.4031171,4272.06862745098,3974.77647058823,391.028098614603,4365.80456920283,3583.74837197363,,,,,,,,,
53,4300.98,4223.39,413.7688524,4637.1588524,3809.6211476,3263.68,2854.325,374.5718174,3228.8968174,2479.7531826,4172.32,4326.841,413.6028527,4740.4438527,3913.2381473,3894.39215686274,3910.13921568627,387.085208578029,4297.2244242643,3523.05400710824,,,,,,,,,
54,4344.49,4294.385,415.4025714,4709.7875714,3878.9824286,2660.41,2791.476,347.1940147,3138.6700147,2444.2819853,4588.5,4303.943,413.3904867,4717.3334867,3890.5525133,4275.38235294117,3943.98333333333,388.544173781625,4332.52750711496,3555.43915955171,,,,,,,,,
55,3896.22,4299.274,397.6973848,4696.9713848,3901.5766152,2511.52,2791.331,347.8594019,3139.1904019,2443.4715981,4283.69,4249.912,405.8641427,4655.7761427,3844.0478573,3967.42156862745,3914.94411764706,383.917603836072,4298.86172148313,3531.02651381099,,,,,,,,,
56,4352.78,4346.525,400.2947103,4746.8197103,3946.2302897,2935.47,2802.66,357.0688761,3159.7288761,2445.5911239,3957.27,4237.416,403.3030575,4640.7190575,3834.1129425,3991.82352941176,3942.22549019608,380.434854691726,4322.66034488781,3561.79063550435,,,,,,,,,
57,4246.19,4314.529,417.1300523,4731.6590523,3897.3989477,2824.42,2753.946,352.8225844,3106.7685844,2401.1234156,4478.37,4277.188,418.5906682,4695.7786682,3858.5973318,3817.41176470588,3906.5862745098,403.623811904739,4310.21008641454,3502.96246260506,,,,,,,,,
58,4106.03,4370.563,417.7809003,4788.3439003,3952.7820997,2943.21,2723.872,360.4299253,3084.3019253,2363.4420747,4427,4242.849,410.6354977,4653.4844977,3832.2135023,3672.86274509803,3888.2794117647,395.88730708066,4284.16671884536,3492.39210468404,,,,,,,,,
59,4167.54,4456.225,399.2187006,4855.4437006,4057.0062994,2971.39,2732.522,362.1287522,3094.6507522,2370.3932478,4309.59,4203.482,414.2942348,4617.7762348,3789.1877652,4125.91176470588,3900.57745098039,406.18387400856,4306.76132498895,3494.39357697183,,,,,,,,,
60,4397.18,4501.218,429.5511351,4930.7691351,4071.6668649,2602.44,2671.087,354.970069,3026.057069,2316.116931,4210.96,4199.188,402.1204285,4601.3084285,3797.0675715,4056.63725490196,3882.04705882353,396.63124564143,4278.67830446496,3485.4158131821,,,,,,,,,
61,4108.17,4499.793,399.1710385,4898.9640385,4100.6219615,2847.96,2670.938,361.2483503,3032.1863503,2309.6896497,4635.54,4191.017,413.5711725,4604.5881725,3777.4458275,3673.85294117647,3837.43529411764,384.165836740618,4221.60113085826,3453.26945737702,,,,,,,,,
62,4314.32,4510.584,409.5978166,4920.1818166,4100.9861834,2982.75,2678.091,373.0131315,3051.1041315,2305.0778685,4205.17,4096.405,423.091483,4519.496483,3673.313517,3625.69607843137,3859.05784313725,392.317053259972,4251.37489639722,3466.74078987728,,,,,,,,,
63,5010.93,4548.427,426.7440636,4975.1710636,4121.6829364,2635.19,2679.604,350.6979115,3030.3019115,2328.9060885,3943.34,4095.101,428.494393,4523.595393,3666.606607,4232.83333333333,3839.59705882352,407.95388793295,4247.55094675647,3431.64317089057,,,,,,,,,
64,4393.38,4513.57,412.6897641,4926.2597641,4100.8802359,2658.96,2679.509,354.2582129,3033.7672129,2325.2507871,4048.19,4137.907,418.4023673,4556.3093673,3719.5046327,3984.99019607843,3818.3794117647,406.387491268393,4224.76690303309,3411.99192049631,,,,,,,,,
65,4368.73,4481.689,412.5478925,4894.2368925,4069.1411075,2624.81,2669.176,346.4979589,3015.6739589,2322.6780411,4158.73,4165.6,416.9565598,4582.5565598,3748.6434402,4240.23529411764,3816.85980392156,410.028643511521,4226.88844743308,3406.83116041004,,,,,,,,,
66,4032.82,4492.577,411.8548563,4904.4318563,4080.7221437,2448.33,2711.284,336.9654941,3048.2494941,2374.3185059,4354.99,4176.824,413.5096365,4590.3336365,3763.3143635,3635.43137254901,3828.27156862745,375.474469160692,4203.74603778814,3452.79709946676,,,,,,,,,
67,4806.53,4582.751,430.2097478,5012.9607478,4152.5412522,2523.68,2732.616,339.0563944,3071.6723944,2393.5596056,4134.98,4173.048,413.1821947,4586.2301947,3759.8658053,3634.3431372549,3855.22156862745,370.557824121818,4225.77939274927,3484.66374450563,,,,,,,,,
68,4962.65,4563.882,423.7363592,4987.6183592,4140.1456408,3029.71,2759.328,356.240456,3115.568456,2403.087544,4033.33,4231.204,414.9680342,4646.1720342,3816.2359658,3795.8431372549,3882.09411764705,398.990806096697,4281.08492374375,3483.10331155035,,,,,,,,,
69,4617.47,4520.769,433.7323279,4954.5013279,4087.0366721,2357.04,2740.055,327.0482741,3067.1032741,2413.0067259,4266.65,4233.15,430.1481118,4663.2981118,3803.0018882,3940.60784313725,3873.91176470588,387.364710705225,4261.27647541111,3486.54705400066,,,,,,,,,
70,4382.93,4531.884,423.9187128,4955.8027128,4107.9652872,2600.95,2766.957,350.4205808,3117.3775808,2416.5364192,4129.25,4242.354,409.9978042,4652.3518042,3832.3561958,3610.51960784313,3855.28235294117,386.771471331864,4242.05382427303,3468.51088160931,,,,,,,,,
71,4216.08,4502.265,411.8273594,4914.0923594,4090.4376406,2919.49,2797.486,365.7838314,3163.2698314,2431.7021686,3689.42,4220.139,399.5474215,4619.6864215,3820.5915785,3890.07843137254,3838.53725490196,396.520631305361,4235.05788620732,3442.0166235966,,,,,,,,,
72,4692.75,4515.782,432.531079,4948.313079,4083.250921,2997.88,2818.019,356.2145166,3174.2335166,2461.8044834,4192.13,4249.984,423.1657048,4673.1497048,3826.8182952,3431.08823529411,3811.61960784313,385.219772576585,4196.83938041972,3426.39983526655,,,,,,,,,
73,4662.36,4458.753,415.3181406,4874.0711406,4043.4348594,2634.24,2799.549,346.1079916,3145.6569916,2453.4410084,4371.4,4246.391,427.4287281,4673.8197281,3818.9622719,4020.65686274509,3795.86568627451,399.895449738874,4195.76113601338,3395.97023653564,,,,,,,,,
74,4074.57,4460.992,402.516273,4863.508273,4058.475727,2555.63,2812.707,343.7871809,3156.4941809,2468.9198191,4325.12,4187.92,415.4154889,4603.3354889,3772.5045111,3969.79411764705,3745.21960784313,398.127592173407,4143.34720001654,3347.09201566972,,,,,,,,,
75,4477.61,4474.754,423.6663649,4898.4203649,4051.0876351,3045.89,2841.84,376.6754175,3218.5154175,2465.1645825,4270.97,4146.366,419.8835151,4566.2495151,3726.4824849,4354.35294117647,3698.28823529411,396.767547882247,4095.05578317636,3301.52068741186,,,,,,,,,
76,4934.56,4472.767,434.4172958,4907.1842958,4038.3497042,2661.65,2864.938,352.5372339,3217.4752339,2512.4007661,4317.23,4118.624,424.5833096,4543.2073096,3694.0406904,3904.93137254901,3641.28921568627,395.931609425823,4037.22082511209,3245.35760626045,,,,,,,,,
77,4617.84,4391.7,435.0872753,4826.7872753,3956.6127247,2790.8,2881.161,357.9664794,3239.1274794,2523.1945206,4716.54,4115.128,420.7368737,4535.8648737,3694.3911263,3903.06862745098,3582.3931372549,401.155777181736,3983.54891443664,3181.23736007316,,,,,,,,,
78,4531.52,4348.571,423.0656362,4771.6366362,3925.5053638,2836.98,2880.282,359.048448,3239.330448,2521.233552,4052.79,4031.981,394.0308557,4426.0118557,3637.9501443,3714.01960784313,3582.42647058823,378.702623243207,3961.12909383144,3203.72384734502,,,,,,,,,
79,4728.62,4328.55,425.5712008,4754.1212008,3902.9787992,2626.06,2906.355,352.4451398,3258.8001398,2553.9098602,4358.69,4039.967,407.9898927,4447.9568927,3631.9771073,3754.31372549019,3598.69705882353,384.937614088037,3983.63467291157,3213.75944473549,,,,,,,,,
80,4086.74,4252.811,411.7368705,4664.5478705,3841.0741295,2906.24,2930.38,368.6158562,3298.9958562,2561.7641438,3907.1,3998.5,410.6589934,4409.1589934,3587.8410066,3443.06862745098,3591.68235294117,389.603592756304,3981.28594569747,3202.07876018487,,,,,,,,,
81,4351.25,4255.962,432.3477185,4688.3097185,3823.6142815,3124.82,2956.553,363.4038977,3319.9568977,2593.1491023,3987.87,4030.947,400.4547829,4431.4017829,3630.4922171,3620.90196078431,3646.7931372549,394.368390997692,4041.16152825259,3252.42474625721,,,,,,,,,
82,4122.46,4222.113,418.9279108,4641.0409108,3803.1850892,2813.18,2953.613,353.4931027,3307.1061027,2600.1198973,4156.2,4029.791,406.6151746,4436.4061746,3623.1758254,3273.54901960784,3679.28823529411,364.030221859974,4043.31845715408,3315.25801343414,,,,,,,,,
83,4684.75,4218.488,430.9002937,4649.3882937,3787.5877063,2765.82,2984.109,371.4992437,3355.6082437,2612.6097563,3786.69,3997.148,406.772722,4403.920722,3590.375278,3514.19607843137,3734.80196078431,382.583525754849,4117.38548653916,3352.21843502946,,,,,,,,,
84,4212.19,4116.367,413.8001766,4530.1671766,3702.5668234,2846.96,2986.034,367.7577455,3353.7917455,2618.2762545,3909.58,3976.843,414.7738625,4391.6168625,3562.0691375,3500.48039215686,3801.33039215686,382.710275891629,4184.04066804849,3418.62011626523,,,,,,,,,
85,4457.74,4110.324,415.9164547,4526.2404547,3694.4075453,3276.87,2973.436,378.3741547,3351.8101547,2595.0618453,3993.55,3994.5,400.2284449,4394.7284449,3594.2715551,3784.36274509803,3817.33039215686,381.85773658001,4199.18812873687,3435.47265557685,,,,,,,,,
86,4123.89,4100.832,405.3337943,4506.1657943,3695.4982057,2823.88,2921.342,365.0985172,3286.4405172,2556.2434828,4282.27,4017.98,426.3137849,4444.2937849,3591.6662151,3315.97058823529,3855.56960784313,366.113130846486,4221.68273868962,3489.45647699664,,,,,,,,,
87,4186.55,4077.814,411.048443,4488.862443,3666.765557,2782.01,2917.119,364.1970383,3281.3160383,2552.9219617,3885.07,4016.336,401.269825,4417.605825,3615.066175,3903.40196078431,3894.78725490196,390.269846771043,4285.057101673,3504.51740813092,,,,,,,,,
88,4331.31,4059.964,427.1476301,4487.1116301,3632.8163699,3097.71,2946.791,379.4561588,3326.2471588,2567.3348412,4132.65,4063.526,410.9252079,4474.4512079,3652.6007921,3876.72549019607,3872.52156862745,404.841428594211,4277.36299722166,3467.68014003324,,,,,,,,,
89,3971.23,4050.07,391.5086614,4441.5786614,3658.5613386,2866.31,2936.862,362.223172,3299.085172,2574.638828,3944.02,4080.022,404.7976524,4484.8196524,3675.2243476,3684.16666666666,3854.43039215686,389.542262132838,4243.9726542897,3464.88813002402,,,,,,,,,
90,4118.25,4035.747,407.3064191,4443.0534191,3628.4405809,3167.97,2947.465,396.3780517,3343.8430517,2551.0869483,4231.57,4067.77,419.2198336,4486.9898336,3648.5501664,3994.17647058823,3883.10098039215,389.479670296107,4272.58065068826,3493.62131009604,,,,,,,,,
91,4012.76,4008.084,412.5837503,4420.6677503,3595.5002497,3095.42,2923.02,376.9948674,3300.0148674,2546.0251326,3976.31,4055.729,396.5265786,4452.2555786,3659.2024214,3945.85294117647,3868.5431372549,384.883057030084,4253.42619428498,3483.66008022482,,,,,,,,,
92,4086.21,4013.059,412.8736837,4425.9326837,3600.1853163,3118.14,2918.412,383.903026,3302.315026,2534.508974,3829.77,4098.921,411.531505,4510.452505,3687.389495,3828.6862745098,3842.91764705882,382.727415158361,4225.64506221718,3460.19023190046,,,,,,,,,
93,3663.54,3990.009,402.5717152,4392.5807152,3587.4372848,2785.07,2910.22,363.5361504,3273.7561504,2546.6838496,3583.64,4113.824,386.7264463,4500.5504463,3727.0975537,4179.48039215686,3778.92450980392,400.611249070291,4179.53575887421,3378.31326073363,,,,,,,,,
94,4151.76,4054.677,409.9648973,4464.6418973,3644.7121027,2720.98,2920.739,348.4213817,3269.1603817,2572.3176183,4086.15,4155.788,412.7365599,4568.5245599,3743.0514401,3660.48039215686,3762.70882352941,386.235157926428,4148.94398145584,3376.47366560298,,,,,,,,,
95,4362.82,4022.387,407.257111,4429.644111,3615.129889,2755.93,2927.026,365.3683011,3292.3943011,2561.6576989,4228.35,4103.329,419.0039485,4522.3329485,3684.3250515,4166.75490196078,3792.10196078431,392.029469856197,4184.13143064051,3400.07249092811,,,,,,,,,
96,3893.71,3970.329,402.6747264,4373.0037264,3567.6542736,2781.65,2935.774,356.8680029,3292.6420029,2578.9059971,4265.83,4071.334,411.4818293,4482.8158293,3659.8521707,3708.14705882352,3779.14411764705,393.502808971433,4172.64692661848,3385.64130867562,,,,,,,,,
97,4008.05,3960.719,411.9942765,4372.7132765,3548.7247235,3078.73,2903.783,380.0240795,3283.8070795,2523.7589205,4356.97,4062.286,414.4674835,4476.7534835,3647.8185165,3680.74509803921,3790.56274509803,388.420018859484,4178.98276395751,3402.14272623855,,,,,,,,,
98,4232.37,3934.845,398.202906,4333.047906,3536.642094,2998.42,2877.556,377.0634037,3254.6194037,2500.4925963,4297.61,3986.952,404.008089,4390.960089,3582.943911,3695.81372549019,3817.20784313725,385.999081841282,4203.20692497853,3431.20876129597,,,,,,,,,
99,3828,3872.599,375.2002196,4247.7992196,3497.3987804,2972.34,2863.386,350.908171,3214.294171,2512.477829,3821.5,3906.281,389.2424965,4295.5234965,3517.0385035,3970.8725490196,3796.48921568627,395.369096596527,4191.8583122828,3401.12011908974,,,,,,,,,
100,3841.62,3877.072,406.7111616,4283.7831616,3470.3608384,2923.52,2855.487,362.3347462,3217.8217462,2493.1522538,4111.16,3878.507,381.2974214,4259.8044214,3497.2095786,3848.59803921568,3761.49117647058,395.663223754782,4157.15440022536,3365.8279527158,,,,,,,,,
101,4062.51,3892.609,407.6733669,4300.2823669,3484.9356331,3049.34,2813.295,368.0241167,3181.3191167,2445.2708833,4408.23,3845.796,423.1968256,4268.9928256,3422.5991744,3689.59803921568,3771.71568627451,390.010592000165,4161.72627827468,3381.70509427435,,,,,,,,,
102,3855.71,3841.922,412.1188577,4254.0408577,3429.8031423,3036.22,2802.455,380.4822032,3182.9372032,2421.9727968,3978.8,3750.014,393.1897588,4143.2037588,3356.8242412,3188.75490196078,3730.61960784313,360.085905006415,4090.70551284955,3370.53370283672,,,,,,,,,
103,4310.22,3761.215,411.1535532,4172.3685532,3350.0614468,2890.26,2776.036,368.2069444,3144.2429444,2407.8290556,4003.28,3685.172,411.652555,4096.824555,3273.519445,4017.32352941176,3804.93529411764,398.443474361179,4203.37876847882,3406.49181975646,,,,,,,,,
104,3828.86,3699.665,412.0182057,4111.6832057,3287.6467943,2783.85,2745.577,351.8899085,3097.4669085,2393.6870915,3561.56,3669.618,387.2006982,4056.8186982,3282.4173018,3954.41176470588,3804.55,382.198614997271,4186.74861499727,3422.35138500273,,,,,,,,,
105,3842.24,3721.007,408.0458384,4129.0528384,3312.9611616,2843.41,2781.141,365.9551429,3147.0961429,2415.1858571,3908.4,3694.715,406.6508928,4101.3658928,3288.0641072,4037.17647058823,3756.05294117647,384.852211385334,4140.9051525618,3371.20072979114,,,,,,,,,
106,3797.61,3727.282,397.1729928,4124.4549928,3330.1090072,2461.74,2722.639,344.2084094,3066.8474094,2378.4305906,4175.35,3680.128,410.0991213,4090.2271213,3270.0288787,3822.33333333333,3735.78235294117,381.524230215725,4117.3065831569,3354.25812272545,,,,,,,,,
107,3749.31,3715.381,393.6497747,4109.0307747,3321.7312253,2816.46,2728.461,362.5534207,3091.0144207,2365.9075793,3603.63,3569.097,403.1814854,3972.2784854,3165.9155146,3947.19607843137,3709.36666666666,365.009049631383,4074.37571629804,3344.35761703528,,,,,,,,,
108,3609.91,3704.226,384.3470583,4088.5730583,3319.8789417,2856.72,2736.037,379.8990203,3115.9360203,2356.1379797,3490.9,3586.825,377.3791331,3964.2041331,3209.4458669,3488.62745098039,3663.69117647058,390.174990789313,4053.86616725989,3273.51618568127,,,,,,,,,
109,3872.73,3720.11,391.3393282,4111.4493282,3328.7706718,2893.35,2738.409,367.0328591,3105.4418591,2371.3761409,3543.76,3643.676,398.1451301,4041.8211301,3245.5308699,3620.89215686274,3720.50784313725,378.222836962058,4098.73068009931,3342.28500617519,,,,,,,,,
110,3996.99,3707.149,387.8673834,4095.0163834,3319.2816166,2501.6,2724.331,354.0688114,3078.3998114,2370.2621886,3784.05,3658.683,403.225747,4061.908747,3255.457253,3950.8431372549,3791.35980392156,397.136772001435,4188.496575923,3394.22303192013,,,,,,,,,
111,3555.64,3655.602,393.9861293,4049.5881293,3261.6158707,2940.94,2719.626,365.7144755,3085.3404755,2353.9115245,3450.41,3624.454,381.6480659,4006.1020659,3242.8059341,3278.63725490196,3772.55686274509,362.644590948675,4135.20145369377,3409.91227179642,,,,,,,,,
112,3048.64,3702.34,353.5936158,4055.9336158,3348.7463842,2772.03,2678.597,365.1584022,3043.7554022,2313.4385978,3330.38,3620.959,384.8115718,4005.7705718,3236.1474282,3931.91176470588,3840.3656862745,398.965809135902,4239.3314954104,3441.3998771386,,,,,,,,,
113,3694.72,3712.558,403.9344615,4116.4924615,3308.6235385,2585.67,2690.451,344.6123054,3035.0633054,2345.8386946,3847.74,3656.529,410.271006,4066.800006,3246.257994,4013.47058823529,3854.21078431372,396.733886336718,4250.94467065044,3457.476897977,,,,,,,,,
114,4042.28,3707.419,400.2819394,4107.7009394,3307.1370606,3139.49,2666.685,381.8516677,3048.5366677,2284.8333323,3812.53,3593.38,397.0253978,3990.4053978,3196.3546022,3469.44117647058,3811.76666666666,351.400157729438,4163.1668243961,3460.36650893722,,,,,,,,,
115,3904.99,3692.362,404.0443638,4096.4063638,3288.3176362,2258.39,2592.271,323.2808132,2915.5518132,2268.9901868,3762.53,3572.669,414.7729163,3987.4419163,3157.8960837,3834.47058823529,3861.89803921568,381.592641946756,4243.49068116244,3480.30539726892,,,,,,,,,
116,3678.6,3642.055,394.1152057,4036.1702057,3247.9397943,2519.96,2621.392,345.5558884,2966.9478884,2275.8361116,3065.04,3552.435,379.6801548,3932.1151548,3172.7548452,3558.17647058823,3873.33725490195,372.839224279107,4246.17647918106,3500.49803062284,,,,,,,,,
117,3637.76,3677.855,389.7305808,4067.5855808,3288.1244192,2892.22,2652.234,368.3396654,3020.5736654,2283.8943346,3780.91,3614.623,403.2287676,4017.8517676,3211.3942324,3490.44117647058,3924.58333333333,374.803799391057,4299.38713272439,3549.77953394227,,,,,,,,,
118,3768.75,3671.317,393.6227898,4064.9397898,3277.6942102,2880.44,2623.744,365.9578056,2989.7018056,2257.7861944,4059.41,3606.225,411.4735129,4017.6985129,3194.7514871,4056.79411764705,3939.81862745097,382.413341216812,4322.23196866778,3557.40528623416,,,,,,,,,
119,3743.12,3678.464,406.9325847,4085.3965847,3271.5314153,2752.57,2607.901,368.8474843,2976.7484843,2239.0535157,3693.83,3549.252,410.9314413,3960.1834413,3138.3205587,4329.41176470588,3924.23921568627,393.855542625628,4318.0947583119,3530.38367306064,,,,,,,,,
120,3481.52,3662.694,384.3261905,4047.0201905,3278.3678095,2454.55,2627.491,350.2019952,2977.6929952,2277.2890048,3441.76,3532.872,374.7807714,3907.6527714,3158.0912286,3762.81372549019,3861.84803921568,383.170423416874,4245.01846263255,3478.67761579881,,,,,,,,,
121,4023.02,3689.987,400.8051377,4090.7921377,3289.1818623,2530.65,2653.776,344.9759427,2998.7519427,2308.8000573,3415.46,3541.072,387.6758766,3928.7478766,3153.3961234,3956.72549019607,3838.66666666666,382.882051236344,4221.548717903,3455.78461543032,,,,,,,,,
122,3150.82,3600.447,375.6990981,3976.1460981,3224.7479019,2890.57,2665.025,362.581245,3027.606245,2302.443755,3686.08,3560.582,403.9268445,3964.5088445,3156.6551555,4070.36274509803,3827.01666666666,372.682397896502,4199.69906456316,3454.33426877016,,,,,,,,,
123,3643.33,3622.9,368.4464813,3991.3464813,3254.4535187,2348.01,2685.332,330.5192286,3015.8512286,2354.8127714,3216.25,3564.312,373.0735084,3937.3855084,3191.2384916,3589.0294117647,3727.15882352941,369.814615396469,4096.97343892588,3357.34420813294,,,,,,,,,
124,3891.71,3679.219,375.3410213,4054.5600213,3303.8779787,2395.35,2743.958,345.1988416,3089.1568416,2398.7591584,3605.42,3587.482,392.8377386,3980.3197386,3194.6442614,3970.75490196078,3768.47450980392,390.780034124583,4159.2545439285,3377.69447567934,,,,,,,,,
125,3401.92,3673.865,397.0943504,4070.9593504,3276.7706496,2549.6,2788.336,339.4326905,3127.7686905,2448.9033095,3560.19,3577.578,385.1006169,3962.6786169,3192.4773831,3948.86274509803,3767.62647058823,395.585300919509,4163.21177150774,3372.04116966872,,,,,,,,,
126,4036.6,3635.839,411.9385969,4047.7775969,3223.9004031,2828.38,2814.828,352.0880733,3166.9160733,2462.7399267,3686.92,3628.054,404.1905001,4032.2445001,3223.8634999,4070.63725490196,3732.04509803921,387.960013265996,4120.00511130521,3344.08508477321,,,,,,,,,
127,3572.38,3556.339,399.5708925,3955.9098925,3156.7681075,2607.32,2854.361,357.0312252,3211.3922252,2497.3297748,3696.93,3574.903,384.8185178,3959.7215178,3190.0844822,3642.79411764705,3685.77647058823,352.362872168535,4038.13934275677,3333.4135984197,,,,,,,,,
128,3840.22,3528.346,382.91995,3911.26595,3145.42605,2722.01,2895.852,355.3469711,3251.1989711,2540.5050289,3489.68,3542.086,386.666158,3928.752158,3155.419842,3901,3638.96176470588,382.082876217119,4021.044640923,3256.87888848876,,,,,,,,,
129,3585.42,3503.53,383.8345503,3887.3645503,3119.6954497,2948.47,2909.09,383.5228469,3292.6128469,2525.5671531,3530.03,3529.853,388.6421461,3918.4951461,3141.2108539,3705.5,3638.04803921568,386.452320662864,4024.50035987854,3251.59571855282,,,,,,,,,
130,3754.45,3503.943,399.2943965,3903.2373965,3104.6486035,2717.4,2900.901,346.7424208,3247.6434208,2554.1585792,3523.76,3548.206,398.7102031,3946.9162031,3149.4957969,3531,3642.63529411764,372.154764038794,4014.79005815643,3270.48053007885,,,,,,,,,
131,3127.62,3451.774,368.1166306,3819.8906306,3083.6573694,2643.14,2892.552,348.0974835,3240.6494835,2544.4545165,3610.56,3533.421,387.3961209,3920.8171209,3146.0248791,3840.22549019607,3694.9862745098,384.101377886368,4079.08765239617,3310.88489662343,,,,,,,,,
132,3375.35,3435.867,384.4715002,3820.3385002,3051.3954998,3093.64,2928.621,381.0747508,3309.6957508,2547.5462492,3723.38,3541.534,387.4645689,3928.9985689,3154.0694311,3071.78431372549,3698.01176470588,348.788437330243,4046.80020203612,3349.22332737564,,,,,,,,,
133,4206.52,3433.561,426.887977,3860.448977,3006.673023,2934.27,2918.102,372.1673478,3290.2693478,2545.9346522,3447.95,3506.258,368.1234066,3874.3814066,3138.1345934,4002.1862745098,3702.45196078431,367.118546321391,4069.5705071057,3335.33341446292,,,,,,,,,
134,3838.17,3368.258,412.5878161,3780.8458161,2955.6701839,2839.13,2901.827,359.7151322,3261.5421322,2542.1118678,3506.38,3515.499,382.016703,3897.515703,3133.482297,3962.27450980392,3691.75490196078,383.932433941882,4075.68733590266,3307.8224680189,,,,,,,,,
135,3021.66,3266.091,358.8463393,3624.9373393,2907.2446607,2814.52,2931.88,361.8921855,3293.7721855,2569.9878145,4064.95,3544.563,405.409259,3949.972259,3139.153741,3593.04901960784,3652.02156862744,375.786376144044,4027.80794477148,3276.2351924834,,,,,,,,,
136,3241.6,3298.378,365.1956788,3663.5736788,2933.1823212,3223.71,2922.155,391.2260191,3313.3810191,2530.9289809,3155.41,3450.071,364.8022141,3814.8732141,3085.2687859,3607.95098039215,3622.45588235293,382.973661407771,4005.4295437607,3239.48222094516,,,,,,,,,
137,3292.45,3339.584,385.8252123,3725.4092123,2953.7587877,3022.23,2885.227,378.0197267,3263.2467267,2507.2072733,3368.76,3482.682,388.4052333,3871.0872333,3094.2767667,3174.64705882352,3562.85098039215,368.439420819924,3931.29040121207,3194.41155957223,,,,,,,,,
138,3592.06,3295.287,402.7624657,3698.0494657,2892.5245343,2854.39,2855.73,371.3789221,3227.1089221,2484.3510779,3367.35,3500.343,369.6177435,3869.9607435,3130.7252565,3891.86274509803,3591.6656862745,386.075920395148,3977.74160666965,3205.58976587935,,,,,,,,,
139,3589.55,3271.459,394.382609,3665.841609,2877.076391,2866.58,2842.438,382.5570269,3224.9950269,2459.8809731,3713.56,3541.327,402.7351475,3944.0621475,3138.5918525,3751.3725490196,3576.93921568627,386.805423667828,3963.7446393541,3190.13379201844,,,,,,,,,
140,3232.76,3290.021,378.0899303,3668.1109303,2911.9310697,2633.91,2868.761,366.6753731,3235.4363731,2502.0856269,3375.91,3538.794,377.780522,3916.574522,3161.013478,4054.50980392156,3526.05294117646,390.270396840397,3916.32333801686,3135.78254433606,,,,,,,,,
141,2968.55,3336.252,372.7832205,3709.0352205,2963.4687795,3003.83,2900.633,375.2186115,3275.8516115,2525.4143885,3691.69,3559.718,396.1441101,3955.8621101,3163.5738899,3870.48039215686,3461.64509803921,379.644224205233,3841.28932224444,3082.00087383398,,,,,,,,,
142,3352.29,3374.433,373.1281746,3747.5611746,3001.3048254,2988.45,2895.355,377.9360923,3273.2910923,2517.4189077,3370.62,3533.537,391.8168268,3925.3538268,3141.7201732,3116.1862745098,3382.21470588235,350.97408054638,3733.18878642873,3031.24062533597,,,,,,,,,
143,3553.49,3364.412,387.6909012,3752.1029012,2976.7210988,2771.52,2876.793,368.2563253,3245.0493253,2508.5366747,3540.36,3539.792,389.5956372,3929.3876372,3150.1963628,3895.2156862745,3415.82450980392,392.776420057152,3808.60092986107,3023.04808974677,,,,,,,,,
144,2816.5,3338.347,365.4342063,3703.7812063,2972.9127937,3139.66,2849.772,387.8463395,3237.6183395,2461.9256605,3797.02,3559.694,383.7021944,3943.3961944,3175.9918056,3564.94117647058,3403.68333333333,364.135835287425,3767.81916862076,3039.54749804591,,,,,,,,,
145,3344.53,3401.601,385.3444564,3786.9454564,3016.2565436,2717.27,2819.388,358.4798407,3177.8678407,2460.9081593,3120.03,3521.113,372.1673834,3893.2803834,3148.9456166,3297.39215686274,3410.33529411764,361.254632479716,3771.58992659736,3049.08066163792,,,,,,,,,
146,3653.66,3432.716,389.6810945,3822.3970945,3043.0349055,2854.43,2810.234,368.3816913,3178.6156913,2441.8523087,3481.52,3576.974,384.3104933,3961.2844933,3192.6635067,3011.90196078431,3428.30882352941,344.423927300915,3772.73275083033,3083.8848962285,,,,,,,,,
147,2849.48,3402.997,346.208468,3749.205468,3056.788532,2727.26,2805.603,368.2189725,3173.8219725,2437.3840275,3545.37,3610.723,371.4791808,3982.2021808,3239.2438192,3462.79411764705,3491.40294117647,340.687115625491,3832.09005680196,3150.71582555098,,,,,,,,,
148,3353.78,3429.424,375.1028469,3804.5268469,3054.3211531,2721.47,2827.761,364.1439414,3191.9049414,2463.6170586,3777.19,3617.491,394.8614402,4012.3524402,3222.6295598,3744.59803921568,3504.81666666666,381.103387112409,3885.92005377907,3123.71327955425,,,,,,,,,
149,3775.17,3470.972,388.1808251,3859.1528251,3082.7911749,3129.81,2854.449,384.8883263,3239.3373263,2469.5606737,3688.23,3615.433,412.7098184,4028.1428184,3202.7231816,3242.50980392156,3496.91078431372,375.443025948532,3872.35381026225,3121.46775836519,,,,,,,,,
150,3695.07,3467.443,380.990096,3848.433096,3086.452904,2952.63,2834.998,360.9705912,3195.9685912,2474.0274088,3585.15,3595.559,399.6752593,3995.2342593,3195.8837407,3410.43137254901,3568.78823529411,376.48049121723,3945.26872651134,3192.30774407688,,,,,,,,,
151,3350.36,3433.244,386.9826377,3820.2266377,3046.2613623,2951.05,2828.023,378.9199083,3206.9429083,2449.1030917,3429.88,3606.562,398.0967418,4004.6587418,3208.4652582,3076.17647058823,3642.40490196078,358.579573507292,4000.98447546807,3283.82532845349,,,,,,,,,
152,3252.08,3418.694,385.9162167,3804.6102167,3032.7777833,2802.83,2792.946,366.0401637,3158.9861637,2426.9058363,3433.17,3671.889,376.4872941,4048.3762941,3295.4017059,3452.28431372549,3714.97647058823,381.377073257465,4096.3535438457,3333.59939733077,,,,,,,,,
153,3292.84,3434.867,374.3845624,3809.2515624,3060.4824376,2501.31,2802.924,365.3542417,3168.2782417,2437.5697583,3739.38,3690.279,397.9903245,4088.2693245,3292.2886755,3773.80392156862,3752.70784313725,386.078501588143,4138.78634472539,3366.62934154911,,,,,,,,,
154,3449.04,3443.256,399.5404095,3842.7964095,3043.7155905,2835.82,2812.57,365.5338855,3178.1038855,2447.0361145,3411.21,3673.098,389.1595139,4062.2575139,3283.9384861,3631.46078431372,3757.78333333333,371.774426341328,4129.55775967466,3386.008906992,,,,,,,,,
155,3655.68,3486.977,391.0756614,3878.0526614,3095.9013386,2625.73,2805.449,363.8978004,3169.3468004,2441.5511996,3678.64,3675.096,384.4136646,4059.5096646,3290.6823354,3477.12745098039,3735.09411764706,377.834807816339,4112.9289254634,3357.25930983072,,,,,,,,,
156,3356.47,3395.18,363.9419757,3759.1219757,3031.2380243,2808.12,2824.629,368.3646444,3192.9936444,2456.2643556,3819.01,3677.21,399.9450949,4077.1550949,3277.2649051,3642.8431372549,3756.9225490196,357.366676017042,4114.28922503664,3399.55587300256,,,,,,,,,
157,3113.75,3408.777,368.7632686,3777.5402686,3040.0137314,2948.84,2834.279,382.9740688,3217.2530688,2451.3049312,3613.05,3631.149,380.1604983,4011.3094983,3250.9885017,3596.93137254901,3783.45490196078,382.913411556286,4166.36831351707,3400.54149040449,,,,,,,,,
158,3769.26,3393.503,405.3120126,3798.8150126,2988.1909874,2988.35,2821.874,374.3023065,3196.1763065,2447.5716935,3756.61,3656.433,405.5984075,4062.0314075,3250.8345925,3665.53921568627,3776.20392156862,373.72604460372,4149.92996617234,3402.4778769649,,,,,,,,,
159,3739.88,3345.926,390.0565414,3735.9825414,2955.8694586,2935.3,2789.514,380.9001784,3170.4141784,2408.6138216,3489.49,3663.672,386.8031653,4050.4751653,3276.8688347,3961.28431372549,3761.83725490196,389.305078976634,4151.14233387859,3372.53217592533,,,,,,,,,
160,3353.08,3316.755,376.2380408,3692.9930408,2940.5169592,2882.88,2794.98,369.2416342,3164.2216342,2425.7383658,3695.18,3726.538,400.9210068,4127.4590068,3325.6169932,4146.59803921568,3771.49901960784,398.027934559494,4169.52695416733,3373.47108504835,,,,,,,,,
161,3204.86,3290.798,375.1436805,3665.9416805,2915.6543195,2600.28,2799.008,355.7499007,3154.7579007,2443.2580993,4083.15,3754.825,413.7495615,4168.5745615,3341.0754385,3801.89215686274,3744.37352941176,392.067230420155,4136.44075983192,3352.30629899161,,,,,,,,,
162,3413.81,3327.932,393.3073286,3721.2393286,2934.6246714,2902.61,2851.122,374.5341645,3225.6561645,2476.5878355,3617.07,3719.274,389.9087638,4109.1827638,3329.3652362,3829.59803921568,3714.57745098039,373.315387003725,4087.89283798412,3341.26206397667,,,,,,,,,
163,3376.73,3332.848,390.4592987,3723.3072987,2942.3887013,2597.77,2867.21,359.4299931,3226.6399931,2507.7800069,3567.57,3703.209,392.1401893,4095.3491893,3311.0688107,3824.55882352941,3722.2294117647,386.713595015839,4108.94300678054,3335.51581674886,,,,,,,,,
164,3886.25,3312.361,400.0638635,3712.4248635,2912.2971365,2764.61,2883.899,362.6317666,3246.5307666,2521.2672334,3431.19,3738.529,392.087988,4130.616988,3346.441012,3404.56862745098,3692.54803921568,355.437213779334,4047.98525299501,3337.11082543635,,,,,,,,,
165,2737.71,3296.696,348.9243948,3645.6203948,2947.7716052,2817.53,2899.46,369.9473867,3269.4073867,2529.5126133,3699.78,3747.392,384.8761368,4132.2681368,3362.5158632,3695.41176470588,3704.75098039215,381.476250670513,4086.22723106266,3323.27472972164,,,,,,,,,
166,3492.44,3409.455,392.4277134,3801.8827134,3017.0272866,2904.62,2922.527,376.7345712,3299.2615712,2545.7924288,3358.4,3750.789,360.1670401,4110.9560401,3390.6219599,3908.16666666666,3692.98823529411,390.824159761145,4083.81239505526,3302.16407553297,,,,,,,,,
167,2961.01,3446.905,363.1081796,3810.0131796,3083.7968204,2824.79,2918.118,355.4824202,3273.6004202,2562.6355798,3865.89,3775.993,405.8842936,4181.8772936,3370.1087064,3524.42156862745,3685.78823529411,363.769456788882,4049.55769208299,3322.01877850523,,,,,,,,,
168,3293.49,3494.74,382.5286276,3877.2686276,3112.2113724,2664.75,2899.379,355.2735916,3254.6525916,2544.1054084,3829,3771.662,388.9816014,4160.6436014,3382.6803986,3521.8725490196,3682.34117647058,383.682654304394,4066.02383077497,3298.65852216619,,,,,,,,,
169,3448.17,3522.301,388.753515,3911.054515,3133.547485,2989.96,2904.702,372.0886545,3276.7906545,2532.6133455,4118.15,3773.638,410.6026881,4184.2406881,3363.0353119,4057.90196078431,3686.96078431372,410.854972515785,4097.81575682951,3276.10581179794,,,,,,,,,
170,3093.51,3488.222,388.3759814,3876.5979814,3099.8460186,2923.16,2859.415,366.1601032,3225.5751032,2493.2548968,3978.05,3744.491,408.7820997,4153.2730997,3335.7089003,3875.3431372549,3659.66470588235,379.397460462762,4039.06216634511,3280.26724541959,,,,,,,,,
171,3576.2,3550.348,401.0195559,3951.3675559,3149.3284441,3121.42,2817.89,390.9574622,3208.8474622,2426.9325378,3727.64,3686.647,400.3286733,4086.9756733,3286.3183267,3503.93137254901,3658.14117647058,372.51939465798,4030.66057112856,3285.6217818126,,,,,,,,,
172,3462.97,3561.091,391.302005,3952.393005,3169.788995,3063.49,2785.488,389.4430252,3174.9310252,2396.0449748,3456.42,3703.065,382.3592379,4085.4242379,3320.7057621,3906.11764705882,3659.85882352941,386.543071836599,4046.40189536601,3273.31575169281,,,,,,,,,
173,3171.86,3569.001,387.9740512,3956.9750512,3181.0269488,2764.66,2741.082,376.9579094,3118.0399094,2364.1240906,3920.77,3682.792,400.6938549,4083.4858549,3282.0981451,3527.74509803921,3651.81274509803,378.905029110731,4030.71777420876,3272.9077159873,,,,,,,,,
174,3729.6,3594.177,406.9035262,4001.0805262,3187.2734738,2920.22,2734.155,379.6654168,3113.8204168,2354.4895832,3519.82,3710.919,407.9023801,4118.8213801,3303.0166199,3526.59803921568,3695.62450980392,368.551320950706,4064.17583075463,3327.07318885321,,,,,,,,,
175,3865.3,3567.739,413.4838581,3981.2228581,3154.2551419,3048.2,2700.228,384.3440092,3084.5720092,2315.8839908,3733.75,3727.573,412.8370907,4140.4100907,3314.7359093,3577.78431372549,3731.42352941176,359.686379162122,4091.10990857388,3371.73715024964,,,,,,,,,
176,3866.94,3560.053,397.1853217,3957.2383217,3162.8676783,2860.53,2644.466,375.129932,3019.595932,2269.336068,3610.44,3732.593,385.3766818,4117.9696818,3347.2163182,3836.16666666666,3733.64509803921,387.18238141594,4120.82747945515,3346.46271662327,,,,,,,,,
177,3439.36,3523.144,398.3001721,3921.4441721,3124.8438279,2637.4,2626.223,370.1354333,2996.3584333,2256.0875667,3822.58,3745.081,409.8795482,4154.9605482,3335.2014518,3489.95098039215,3707.4931372549,388.113050267641,4095.60618752254,3319.38008698726,,,,,,,,,
178,3569.1,3568.305,368.8338131,3937.1388131,3199.4711869,2717.98,2644.632,364.6528708,3009.2848708,2279.9791292,3848.76,3783.629,424.1907371,4207.8197371,3359.4382629,3568.06862745098,3726.26274509803,373.243397847666,4099.5061429457,3353.01934725036,,,,,,,,,
179,3107.38,3574.667,380.7110946,3955.3780946,3193.9559054,2537.09,2659.354,352.4020471,3011.7560471,2306.9519529,3826.68,3805.886,408.1184828,4214.0044828,3397.7675172,3784.94117647058,3751.22745098039,365.049276409025,4116.27672738942,3386.17817457137,,,,,,,,,
180,3714.77,3646.224,417.1985465,4063.4225465,3229.0254535,2507.91,2678.647,354.3768001,3033.0238001,2324.2701999,3399.61,3884.222,383.9365346,4268.1585346,3500.2854654,3860.10784313725,3736.85882352941,385.313252507655,4122.17207603707,3351.54557102176,,,,,,,,,
181,3683.63,3630.725,408.918585,4039.643585,3221.806415,2797.4,2693.998,385.0911001,3079.0891001,2308.9068999,3891.82,3959.491,409.0855767,4368.5765767,3550.4054233,3521.10784313725,3695.65784313725,362.051479913329,4057.70932305058,3333.60636322392,,,,,,,,,
182,3542.07,3638.801,396.7066249,4035.5076249,3242.0943751,2619.43,2706.672,346.9593726,3053.6313726,2359.7126274,3253.69,3963.145,367.326152,4330.471152,3595.818848,3825.65686274509,3712.1225490196,389.709215054216,4101.83176407382,3322.41333396538,,,,,,,,,
183,3423.62,3651.927,390.0616012,4041.9886012,3261.8653988,2695.39,2712.442,358.9944893,3071.4364893,2353.4475107,4202.04,4111.436,408.8568135,4520.2928135,3702.5791865,3965.86274509803,3694.1294117647,381.16200928733,4075.29142105203,3312.96740247737,,,,,,,,,
184,3465.22,3672.159,403.1387356,4075.2977356,3269.0202644,2580.95,2726.037,352.72556,3078.76256,2373.31144,3686.36,4113.961,408.0944691,4522.0554691,3705.8665309,3884.58823529411,3639.7725490196,382.998919713263,4022.77146873286,3256.77362930634,,,,,,,,,
185,3788.44,3702.402,412.6478846,4115.0498846,3289.7541154,2490.58,2762.641,354.3299234,3116.9709234,2408.3110766,3783.95,4178.673,407.8549223,4586.5279223,3770.8180777,3600,3632.54999999999,386.462955923879,4019.01295592387,3246.08704407611,,,,,,,,,
186,3497.85,3721.564,390.610745,4112.174745,3330.953255,2678.1,2784.949,364.5681581,3149.5171581,2420.3808419,3735.32,4177.681,387.9095425,4565.5905425,3789.7714575,3574.64705882352,3673.69803921568,379.37988710566,4053.07792632134,3294.31815211002,,,,,,,,,
187,3890.97,3694.995,408.2828614,4103.2778614,3286.7121386,2821.49,2759.256,376.4474977,3135.7034977,2382.8085023,4208.06,4230.616,419.2557448,4649.8717448,3811.3602552,3677.64705882352,3711.66470588235,383.126920668388,4094.79162655074,3328.53778521396,,,,,,,,,
188,3632.72,3659.311,383.8812093,4043.1922093,3275.4297907,2865.2,2747.436,374.4525609,3121.8885609,2372.9834391,4071.33,4198.585,413.5380096,4612.1230096,3785.0469904,3817.7156862745,3715.60588235294,392.893838479992,4108.49972083293,3322.71204387295,,,,,,,,,
189,3822.95,3675.252,412.0785552,4087.3305552,3263.1734448,2730.02,2731.867,359.4569485,3091.3239485,2372.4100515,4610.04,4187.615,428.2350899,4615.8500899,3759.3799101,3641.25490196078,3693.15196078431,378.799393003228,4071.95135378754,3314.35256778108,,,,,,,,,
190,3559.78,3624.888,389.6088699,4014.4968699,3235.2791301,2661.42,2717.927,379.9754193,3097.9024193,2337.9515807,4152.3,4174.018,430.8524466,4604.8704466,3743.1655534,3448.09803921568,3662.44803921568,375.623812941195,4038.07185215688,3286.82422627449,,,,,,,,,
191,3764.39,3632.122222,415.0950823,4047.2173043,3217.0271397,2924.14,2724.205556,385.9136567,3110.1192127,2338.2918993,3928.36,4176.431111,424.3607134,4600.7918244,3752.0703976,3685.75490196078,3686.26470588235,371.688529062615,4057.95323494497,3314.57617681974,,,,,,,,,
192,3673.33,3554.492222,389.5734935,3944.0657155,3164.9187285,2677.13,2699.21375,366.4357198,3065.6494698,2332.7780302,4736.6,4207.44,432.6073772,4640.0473772,3774.8326228,3645.72549019607,3686.32843137254,368.042031536456,4054.370462909,3318.28639983608,,,,,,,,,
193,3625.94,3535.392222,379.2877717,3914.6799937,3156.1044503,2831.34,2702.368571,379.9828415,3082.3514125,2322.3857295,4227.29,4131.845714,419.3738653,4551.2195793,3712.4718487,3422.29411764705,3692.12885154061,357.018503120231,4049.14735466084,3335.11034842038,,,,,,,,,
194,3767.65,3511.353333,397.2490348,3908.6023678,3114.1042982,2946.99,2680.873333,375.4017572,3056.2750902,2305.4715758,4333.48,4115.938333,416.4825332,4532.4208662,3699.4557998,3812.36274509803,3737.10130718954,391.381490032358,4128.4827972219,3345.71981715718,,,,,,,,,
195,3980.06,3447.431111,391.0015936,3838.4327046,3056.4295174,2713.66,2627.65,361.6255271,2989.2755271,2266.0244729,3774.03,4072.43,401.6874577,4474.1174577,3670.7425423,4011.48039215686,3722.04901960784,369.759765867152,4091.80878547499,3352.28925374069,,,,,,,,,
196,3232.16,3387.718889,383.1329197,3770.8518087,3004.5859693,2421.17,2606.1475,351.6124458,2957.7599458,2254.5350542,4264.67,4147.03,420.4284964,4567.4584964,3726.6015036,3954.31372549019,3649.69117647058,406.184939540658,4055.87611601124,3243.50623692992,,,,,,,,,
197,3534.13,3393.906667,390.4078738,3784.3145408,3003.4987932,2703.29,2667.806667,375.7798598,3043.5865268,2292.0268072,3887.75,4107.816667,403.3775818,4511.1942488,3704.4390852,3717.05882352941,3548.15032679738,389.855709223963,3938.00603602134,3158.29461757342,,,,,,,,,
198,3792.13,3437.58,394.4137251,3831.9937251,3043.1662749,2709.51,2650.065,366.5678422,3016.6328422,2283.4971578,3961.63,4217.85,404.1710575,4622.0210575,3813.6789425,3593.17647058823,3463.69607843137,374.305606843971,3838.00168527534,3089.3904715874,,,,,,,,,
199,3319.31,3460.947778,380.4835943,3841.4313723,3080.4641837,2590.62,2590.62,363.2720652,2953.8920652,2227.3479348,4474.07,4474.07,425.8419705,4899.9119705,4048.2280295,3334.2156862745,3334.2156862745,355.347561401473,3689.56324767597,2978.86812487303,,,,,,,,,
,,,,,,,,,,,,,,,,,,,,,,,,,,,,,
200,3065.72,,368.9769023,,,,,,,,,,,,,,,,,,,,,,,,,,
201,3501.43,,382.4019862,,,,,,,,,,,,,,,,,,,,,,,,,,
202,3409.59,,384.0409083,,,,,,,,,,,,,,,,,,,,,,,,,,
203,3192.35,,391.6299129,,,,,,,,,,,,,,,,,,,,,,,,,,
204,3442.65,,401.7050713,,,,,,,,,,,,,,,,,,,,,,,,,,
205,3287.85,,380.4333159,,,,,,,,,,,,,,,,,,,,,,,,,,
206,3927.19,,412.1788237,,,,,,,,,,,,,,,,,,,,,,,,,,
207,4002.44,,408.5578868,,,,,,,,,,,,,,,,,,,,,,,,,,
208,3615.92,,402.2048679,,,,,,,,,,,,,,,,,,,,,,,,,,
209,3562.96,,397.9962555,,,,,,,,,,,,,,,,,,,,,,,,,,
210,3530.57,,400.1967897,,,,,,,,,,,,,,,,,,,,,,,,,,
211,3703.64,,410.5024647,,,,,,,,,,,,,,,,,,,,,,,,,,
212,3481.47,,392.4619073,,,,,,,,,,,,,,,,,,,,,,,,,,
213,3542.57,,382.4901503,,,,,,,,,,,,,,,,,,,,,,,,,,
214,3732.87,,414.1672082,,,,,,,,,,,,,,,,,,,,,,,,,,
215,3621.5,,404.354714,,,,,,,,,,,,,,,,,,,,,,,,,,
216,3639.69,,398.2372013,,,,,,,,,,,,,,,,,,,,,,,,,,
217,2686.2,,361.5175451,,,,,,,,,,,,,,,,,,,,,,,,,,
218,3110.2,,386.0537297,,,,,,,,,,,,,,,,,,,,,,,,,,
219,3422.45,,388.2586546,,,,,,,,,,,,,,,,,,,,,,,,,,
220,3545.03,,389.8748536,,,,,,,,,,,,,,,,,,,,,,,,,,
221,3724.55,,405.9794055,,,,,,,,,,,,,,,,,,,,,,,,,,
222,3114.02,,361.1162159,,,,,,,,,,,,,,,,,,,,,,,,,,
223,3331.71,,382.3506766,,,,,,,,,,,,,,,,,,,,,,,,,,
224,3185.19,,375.2211675,,,,,,,,,,,,,,,,,,,,,,,,,,
225,3442.03,,403.3043103,,,,,,,,,,,,,,,,,,,,,,,,,,
226,3525.68,,394.3844317,,,,,,,,,,,,,,,,,,,,,,,,,,
227,3355.52,,398.1723558,,,,,,,,,,,,,,,,,,,,,,,,,,
228,3756.14,,393.466841,,,,,,,,,,,,,,,,,,,,,,,,,,
229,3842.83,,404.4643314,,,,,,,,,,,,,,,,,,,,,,,,,,
230,3560.67,,389.2958153,,,,,,,,,,,,,,,,,,,,,,,,,,
231,3194.79,,380.2824945,,,,,,,,,,,,,,,,,,,,,,,,,,
232,3588.32,,393.7653583,,,,,,,,,,,,,,,,,,,,,,,,,,
233,3363.9,,393.548557,,,,,,,,,,,,,,,,,,,,,,,,,,
234,2827.52,,353.8264779,,,,,,,,,,,,,,,,,,,,,,,,,,
235,3247.89,,378.5858827,,,,,,,,,,,,,,,,,,,,,,,,,,
236,3341.08,,379.1459663,,,,,,,,,,,,,,,,,,,,,,,,,,
237,2727.55,,341.5147102,,,,,,,,,,,,,,,,,,,,,,,,,,
238,3549.92,,394.7161711,,,,,,,,,,,,,,,,,,,,,,,,,,
239,3135.23,,376.4825903,,,,,,,,,,,,,,,,,,,,,,,,,,
240,3112.13,,379.3930367,,,,,,,,,,,,,,,,,,,,,,,,,,
241,3005.1,,375.8568835,,,,,,,,,,,,,,,,,,,,,,,,,,
242,3286.83,,380.8324642,,,,,,,,,,,,,,,,,,,,,,,,,,
243,3163.21,,371.0650281,,,,,,,,,,,,,,,,,,,,,,,,,,
244,3337.77,,380.646232,,,,,,,,,,,,,,,,,,,,,,,,,,
245,3118.75,,363.3141925,,,,,,,,,,,,,,,,,,,,,,,,,,
246,2941.56,,360.6237323,,,,,,,,,,,,,,,,,,,,,,,,,,
247,3550.23,,397.5042025,,,,,,,,,,,,,,,,,,,,,,,,,,
248,3297.68,,386.2134177,,,,,,,,,,,,,,,,,,,,,,,,,,
249,2915.81,,369.4537499,,,,,,,,,,,,,,,,,,,,,,,,,,